"user_id","status_id","request_slip_id","lab_date","date_requested","lab_time","subject","instructor_id","_id"
"45I2OqWGsMQrq06T",5,29027,"2025-09-19","2025-09-16","15:23","Baking","FBFXMjnYnlE7rMyf","1sQspSt1tuESOWSj"
"iSlkCuYGNE4gopBt",5,46558,"2025-09-25","2025-09-22","11:00","Foreign Desserts","FBFXMjnYnlE7rMyf","71T5T1DVS10pFbxW"
"LymveOPJcnco7pq1",5,52365,"2025-09-18","2025-09-15","16:27","Baking","FBFXMjnYnlE7rMyf","C2H9YdloL4cHgsQy"
"vOK301pGSHGZJiTT",5,40649,"2025-10-10","2025-10-07","14:00","Baking","VylEEwiyHOHNrRrR","R3NSRH4KtSowNMwx"
"LymveOPJcnco7pq1",3,45745,"2025-09-20","2025-09-17","13:45","Baking","FBFXMjnYnlE7rMyf","UK4ZxsXlGdCxYBLS"
"Ako46jrgVxyvYDW5",5,53805,"2025-09-18","2025-09-15","16:24","Maintenance","FBFXMjnYnlE7rMyf","X6ghHJEeARVFlUcx"
"45I2OqWGsMQrq06T",5,21422,"2025-09-19","2025-09-16","11:44","Baking","FBFXMjnYnlE7rMyf","Y0OjT68PIRdNNM7t"
"k5BaBzWtZyftfBMO",6,79164,"2025-10-09","2025-10-06","13:45","Desserts","VylEEwiyHOHNrRrR","a5FNRKP1OswQb8If"
"bITRO12mo12Nc9aZ",5,14004,"2025-09-19","2025-09-16","10:00","Event Planning","FBFXMjnYnlE7rMyf","fodsekfqofCU5dXT"
"zMb6qBmlxj8DX3my",5,54535,"2025-09-26","2025-09-23","13:30","Baking","FBFXMjnYnlE7rMyf","ha8bR3uF4RzEulZt"
"45I2OqWGsMQrq06T",5,58006,"2025-10-10","2025-10-07","11:00","Serving & Catering","VylEEwiyHOHNrRrR","ij6d6ZqzJv6bajqI"
"Ako46jrgVxyvYDW5",5,86659,"2025-09-18","2025-09-15","01:00","Baking","FBFXMjnYnlE7rMyf","lm5WGcfzCcVj5zFM"
"KK7VACVptP3fyAJe",6,81420,"2025-09-26","2025-09-23","10:00","Cookery","FBFXMjnYnlE7rMyf","r809N74DuB4PZavO"
"uVaSDiTjyx1aEPsp",5,95103,"2025-10-06","2025-10-01","03:00","Cooking Lessons with Dad","VylEEwiyHOHNrRrR","vMgTM0uMWOvL9NvR"
"iSlkCuYGNE4gopBt",5,39726,"2025-09-19","2025-09-16","15:33","Cookery","FBFXMjnYnlE7rMyf","vWuGmrpIRrkyS9kV"
"45I2OqWGsMQrq06T",5,89290,"2025-09-19","2025-09-16","15:47","Baking","FBFXMjnYnlE7rMyf","vl0dLgY9CIoLxpVY"
"45I2OqWGsMQrq06T",6,62050,"2025-09-19","2025-09-16","11:27","Baking","FBFXMjnYnlE7rMyf","ylS1QHFJQU01hx04"